family	u	v	class	C	actual	predicted	z
TL	0	0	reducible	0.3659	0	12.55	-3.543
TL	0	1	generic	1.7298	51	59.33	-1.081
TL	0	2	generic	1.5740	57	53.98	0.411
TL	0	3	generic	1.4218	47	48.76	-0.252
TL	0	4	reducible	0.1976	0	6.78	-2.603
TL	0	5	generic	1.3281	50	45.55	0.660
TL	0	6	generic	1.1387	36	39.05	-0.489
TL	0	7	generic	1.3478	50	46.22	0.555
TL	0	8	generic	1.2773	43	43.81	-0.122
TL	0	9	generic	0.7632	31	26.17	0.943
TL	1	0	generic	1.8534	66	63.56	0.306
TL	1	1	reducible	0.2039	0	6.99	-2.644
TL	1	2	generic	1.5244	50	52.27	-0.315
TL	1	3	reducible	0.3386	0	11.61	-3.408
TL	1	4	generic	1.3526	40	46.38	-0.937
TL	1	5	generic	1.2860	36	44.10	-1.220
TL	1	6	reducible	0.1711	0	5.87	-2.422
TL	1	7	generic	1.3953	47	47.85	-0.122
TL	1	8	generic	1.2089	36	41.45	-0.847
TL	1	9	generic	1.2594	52	43.19	1.341
TL	2	0	generic	1.6783	56	57.55	-0.204
TL	2	1	generic	1.4091	51	48.31	0.386
TL	2	2	reducible	0.2504	0	8.58	-2.930
TL	2	3	generic	1.3995	44	47.99	-0.575
TL	2	4	generic	1.0547	28	36.16	-1.358
TL	2	5	generic	1.4549	49	49.88	-0.125
TL	2	6	generic	1.4710	48	50.44	-0.343
TL	2	7	generic	1.0333	37	35.43	0.264
TL	2	8	reducible	0.2665	0	9.14	-3.023
TL	2	9	generic	0.8649	30	29.66	0.063
TL	3	0	generic	1.4034	48	48.12	-0.017
TL	3	1	generic	1.3601	53	46.63	0.933
TL	3	2	generic	1.4182	50	48.62	0.197
TL	3	3	reducible	0.2208	0	7.57	-2.751
TL	3	4	generic	1.3016	48	44.62	0.505
TL	3	5	generic	1.2946	42	44.38	-0.358
TL	3	6	reducible	0.2625	0	9.00	-3.000
TL	3	7	generic	1.1886	32	40.75	-1.370
TL	3	8	generic	1.2221	38	41.90	-0.602
TL	3	9	generic	1.2555	41	43.04	-0.311
TL	4	0	generic	1.1365	38	38.96	-0.154
TL	4	1	generic	1.3675	48	46.88	0.164
TL	4	2	generic	1.3224	41	45.33	-0.643
TL	4	3	generic	1.4354	48	49.21	-0.172
TL	4	4	reducible	0.1790	0	6.14	-2.477
TL	4	5	generic	0.9977	33	34.20	-0.205
TL	4	6	generic	1.3207	46	45.27	0.108
TL	4	7	generic	1.2906	37	44.24	-1.089
TL	4	8	generic	1.3961	48	47.86	0.021
TL	4	9	generic	0.9904	39	33.95	0.867
TL	5	0	generic	1.0176	33	34.88	-0.318
TL	5	1	generic	1.2890	41	44.18	-0.479
TL	5	2	generic	1.4333	46	49.13	-0.446
TL	5	3	generic	1.2243	40	41.96	-0.303
TL	5	4	generic	0.7734	32	26.51	1.066
TL	5	5	reducible	0.2509	0	8.60	-2.932
TL	5	6	generic	1.3551	51	46.45	0.668
TL	5	7	generic	1.0667	34	36.56	-0.423
TL	5	8	generic	1.3176	46	45.16	0.125
TL	5	9	reducible	0.1938	0	6.64	-2.577
TL	6	0	generic	1.2661	41	43.39	-0.363
TL	6	1	generic	0.7701	29	26.39	0.507
TL	6	2	generic	1.3867	47	47.52	-0.076
TL	6	3	generic	1.2607	45	43.21	0.273
TL	6	4	generic	1.2322	37	42.23	-0.805
TL	6	5	generic	1.3381	45	45.86	-0.127
TL	6	6	reducible	0.1633	0	5.60	-2.366
TL	6	7	generic	1.1136	38	38.16	-0.027
TL	6	8	generic	1.3040	43	44.69	-0.253
TL	6	9	generic	1.0474	31	35.90	-0.817
TL	7	0	generic	1.4451	53	49.52	0.494
TL	7	1	generic	1.1901	39	40.78	-0.279
TL	7	2	generic	0.9603	38	32.91	0.887
TL	7	3	generic	1.3340	53	45.71	1.078
TL	7	4	generic	0.9408	28	32.24	-0.747
TL	7	5	generic	1.3410	38	45.95	-1.173
TL	7	6	generic	0.9255	37	31.71	0.939
TL	7	7	reducible	0.2557	0	8.76	-2.960
TL	7	8	generic	1.2069	34	41.36	-1.144
TL	7	9	generic	1.2223	46	41.88	0.636
TL	8	0	generic	1.3457	53	46.11	1.015
TL	8	1	generic	1.2205	44	41.82	0.337
TL	8	2	generic	1.1837	44	40.56	0.540
TL	8	3	generic	1.1500	45	39.41	0.891
TL	8	4	generic	1.0911	41	37.38	0.591
TL	8	5	generic	0.9593	36	32.87	0.546
TL	8	6	generic	0.9283	34	31.81	0.389
TL	8	7	generic	1.2878	44	44.12	-0.019
TL	8	8	reducible	0.2574	0	8.82	-2.970
TL	8	9	generic	1.1113	32	38.08	-0.985
TL	9	0	generic	0.8670	27	29.70	-0.496
TL	9	1	generic	0.9840	44	33.71	1.771
TL	9	2	generic	1.0408	37	35.66	0.225
TL	9	3	generic	1.6016	54	54.87	-0.118
TL	9	4	generic	0.8943	35	30.64	0.788
TL	9	5	generic	0.9630	36	32.99	0.523
TL	9	6	generic	1.2728	47	43.61	0.514
TL	9	7	generic	1.2549	45	42.99	0.306
TL	9	8	generic	1.1805	46	40.45	0.873
TL	9	9	reducible	0.1916	0	6.57	-2.562
BR	0	0	reducible	0.0280	0	0.96	-0.978
BR	0	1	reducible	0.3659	0	12.51	-3.537
BR	0	2	generic	1.7298	56	59.15	-0.409
BR	0	3	generic	1.5740	49	53.82	-0.657
BR	0	4	generic	1.4218	53	48.62	0.629
BR	0	5	reducible	0.1976	0	6.76	-2.599
BR	0	6	generic	1.3281	44	45.41	-0.210
BR	0	7	generic	1.1387	39	38.94	0.010
BR	0	8	generic	1.3478	36	46.09	-1.486
BR	0	9	generic	1.2773	45	43.68	0.200
BR	1	0	reducible	0.0525	0	1.79	-1.340
BR	1	1	reducible	0.0525	0	1.79	-1.340
BR	1	2	generic	1.9463	65	66.56	-0.191
BR	1	3	reducible	0.3446	0	11.78	-3.433
BR	1	4	generic	1.5642	53	53.49	-0.068
BR	1	5	generic	1.1482	38	39.26	-0.202
BR	1	6	generic	1.1261	37	38.51	-0.243
BR	1	7	generic	1.2864	43	43.99	-0.149
BR	1	8	generic	1.1407	40	39.01	0.158
BR	1	9	generic	1.4104	47	48.23	-0.177
BR	2	0	reducible	0.3863	0	13.21	-3.635
BR	2	1	reducible	0.0560	0	1.91	-1.384
BR	2	2	reducible	0.3863	0	13.21	-3.635
BR	2	3	reducible	0.3717	0	12.71	-3.566
BR	2	4	generic	1.6394	50	56.07	-0.810
BR	2	5	generic	1.5006	57	51.32	0.793
BR	2	6	generic	1.3036	41	44.58	-0.537
BR	2	7	generic	1.3372	45	45.74	-0.109
BR	2	8	reducible	0.2637	0	9.02	-3.003
BR	2	9	generic	1.2546	48	42.91	0.777
BR	3	0	reducible	0.3046	0	10.42	-3.228
BR	3	1	generic	1.9126	67	65.42	0.196
BR	3	2	generic	1.9126	63	65.42	-0.299
BR	3	3	reducible	0.3046	0	10.42	-3.228
BR	3	4	reducible	0.3950	0	13.51	-3.676
BR	3	5	reducible	0.0472	0	1.62	-1.271
BR	3	6	generic	1.6409	57	56.13	0.117
BR	3	7	generic	1.3962	49	47.76	0.180
BR	3	8	generic	1.1393	34	38.97	-0.796
BR	3	9	generic	1.3168	49	45.04	0.590
BR	4	0	reducible	0.2899	0	9.92	-3.149
BR	4	1	generic	1.7641	58	60.35	-0.302
BR	4	2	reducible	0.0420	0	1.44	-1.198
BR	4	3	generic	1.7641	53	60.35	-0.946
BR	4	4	reducible	0.2899	0	9.92	-3.149
BR	4	5	generic	1.7162	54	58.71	-0.614
BR	4	6	generic	1.9110	58	65.37	-0.912
BR	4	7	reducible	0.0346	0	1.18	-1.088
BR	4	8	generic	1.6405	56	56.12	-0.016
BR	4	9	generic	1.3821	49	47.28	0.250
BR	5	0	reducible	0.2178	0	7.45	-2.730
BR	5	1	generic	1.5777	49	53.98	-0.677
BR	5	2	generic	1.4692	44	50.26	-0.883
BR	5	3	generic	1.4692	57	50.26	0.950
BR	5	4	generic	1.5777	62	53.98	1.092
BR	5	5	reducible	0.2178	0	7.45	-2.730
BR	5	6	reducible	0.3520	0	12.04	-3.470
BR	5	7	generic	1.6743	56	57.28	-0.169
BR	5	8	generic	1.7256	60	59.04	0.125
BR	5	9	reducible	0.3099	0	10.60	-3.256
BR	6	0	reducible	0.0562	0	1.92	-1.387
BR	6	1	generic	1.2249	38	41.91	-0.604
BR	6	2	generic	1.5616	59	53.43	0.762
BR	6	3	reducible	0.3770	0	12.90	-3.591
BR	6	4	generic	1.5616	53	53.43	-0.059
BR	6	5	generic	1.2249	38	41.91	-0.604
BR	6	6	reducible	0.0562	0	1.92	-1.387
BR	6	7	generic	1.3934	38	47.68	-1.401
BR	6	8	generic	1.5420	46	52.76	-0.931
BR	6	9	generic	1.6482	65	56.40	1.146
BR	7	0	reducible	0.2592	0	8.87	-2.978
BR	7	1	generic	1.3439	44	45.99	-0.293
BR	7	2	reducible	0.3479	0	11.90	-3.450
BR	7	3	generic	1.4107	53	48.27	0.680
BR	7	4	generic	1.4107	41	48.27	-1.047
BR	7	5	reducible	0.3479	0	11.91	-3.450
BR	7	6	generic	1.3439	56	45.99	1.476
BR	7	7	reducible	0.2592	0	8.87	-2.978
BR	7	8	generic	1.4331	48	49.04	-0.149
BR	7	9	generic	1.4002	44	47.91	-0.566
BR	8	0	reducible	0.2336	0	7.99	-2.827
BR	8	1	generic	1.3400	38	45.86	-1.161
BR	8	2	generic	1.4450	51	49.45	0.220
BR	8	3	generic	1.0825	36	37.04	-0.172
BR	8	4	reducible	0.3470	0	11.88	-3.446
BR	8	5	generic	1.0825	41	37.05	0.650
BR	8	6	generic	1.4450	54	49.45	0.647
BR	8	7	generic	1.3400	45	45.86	-0.127
BR	8	8	reducible	0.2336	0	7.99	-2.827
BR	8	9	generic	1.4000	47	47.92	-0.132
BR	9	0	reducible	0.2827	0	9.68	-3.111
BR	9	1	generic	1.1400	43	39.02	0.637
BR	9	2	generic	0.7881	31	26.97	0.775
BR	9	3	generic	1.4596	54	49.96	0.572
BR	9	4	generic	1.3578	46	46.47	-0.069
BR	9	5	generic	1.3578	43	46.47	-0.510
BR	9	6	generic	1.4596	52	49.96	0.289
BR	9	7	generic	0.7881	28	26.98	0.197
BR	9	8	generic	1.1400	33	39.02	-0.964
BR	9	9	reducible	0.2827	0	9.68	-3.111
